<?xml version="1.0" encoding="UTF-8" standalone="no"?><Alumnos><Alumno><Nia>89877</Nia><Nombre>Guillermo</Nombre><Apellidos>Garcia</Apellidos><Ciclo>Dam</Ciclo><Curso>Segundo</Curso><Grupo>A</Grupo><Genero>77</Genero><Fecha_Nacimiento>27/11/2001</Fecha_Nacimiento></Alumno><Alumno><Nia>9876</Nia><Nombre>Daniel</Nombre><Apellidos>Alonso</Apellidos><Ciclo>Dam</Ciclo><Curso>Segundo</Curso><Grupo>A</Grupo><Genero>77</Genero><Fecha_Nacimiento>27/11/2002</Fecha_Nacimiento></Alumno><Alumno><Nia>98765</Nia><Nombre>Mar</Nombre><Apellidos>Morales</Apellidos><Ciclo>Segundo</Ciclo><Curso>Segundo</Curso><Grupo>B</Grupo><Genero>70</Genero><Fecha_Nacimiento>01/02/2002</Fecha_Nacimiento></Alumno><Alumno><Nia>987</Nia><Nombre>Ayoub</Nombre><Apellidos>Ayoub</Apellidos><Ciclo>Asir</Ciclo><Curso>Segundo</Curso><Grupo>Dam</Grupo><Genero>77</Genero><Fecha_Nacimiento>09/03/2004</Fecha_Nacimiento></Alumno><Alumno><Nia>987</Nia><Nombre>Pili</Nombre><Apellidos>Santos</Apellidos><Ciclo>DAW</Ciclo><Curso>Segundo</Curso><Grupo>A</Grupo><Genero>70</Genero><Fecha_Nacimiento>09/08/2003</Fecha_Nacimiento></Alumno></Alumnos>